POPESTIMATE2019,fips
4903185,1000
55869,1001
223234,1003
24686,1005
22394,1007
57826,1009
10101,1011
19448,1013
113605,1015
33254,1017
26196,1019
44428,1021
12589,1023
23622,1025
13235,1027
14910,1029
52342,1031
55241,1033
12067,1035
10663,1037
37049,1039
13772,1041
83768,1043
49172,1045
37196,1047
71513,1049
81209,1051
36633,1053
102268,1055
16302,1057
31362,1059
26271,1061
8111,1063
14651,1065
17205,1067
105882,1069
51626,1071
658573,1073
13805,1075
92729,1077
32924,1079
164542,1081
98915,1083
9726,1085
18068,1087
372909,1089
18863,1091
29709,1093
96774,1095
413210,1097
20733,1099
226486,1101
119679,1103
8923,1105
19930,1107
33114,1109
22722,1111
57961,1113
89512,1115
217702,1117
12427,1119
79978,1121
40367,1123
209355,1125
63521,1127
16326,1129
10373,1131
23629,1133
731545,2000
3337,2013
5634,2016
288000,2020
18386,2050
836,2060
2097,2068
4916,2070
96849,2090
2530,2100
2148,2105
31974,2110
58708,2122
13901,2130
12998,2150
8314,2158
1592,2164
108317,2170
10004,2180
9832,2185
7621,2188
3266,2195
6203,2198
8493,2220
1183,2230
6893,2240
9202,2261
2502,2275
579,2282
5230,2290
7278717,4000
71887,4001
125922,4003
143476,4005
54018,4007
38837,4009
9498,4011
21108,4012
4485414,4013
212181,4015
110924,4017
1047279,4019
462789,4021
46498,4023
235099,4025
213787,4027
3017804,5000
17486,5001
19657,5003
41932,5005
279141,5007
37432,5009
10763,5011
5189,5013
28380,5015
10118,5017
22320,5019
14551,5021
24919,5023
7956,5025
23457,5027
20846,5029
110332,5031
63257,5033
47955,5035
16419,5037
7009,5039
11361,5041
18219,5043
126007,5045
17715,5047
12477,5049
99386,5051
18265,5053
45325,5055
21532,5057
33771,5059
13202,5061
37825,5063
13629,5065
16719,5067
66824,5069
26578,5071
6624,5073
16406,5075
8857,5077
13024,5079
12259,5081
21466,5083
73309,5085
16576,5087
16694,5089
43257,5091
40651,5093
6701,5095
8986,5097
8252,5099
7753,5101
23382,5103
10455,5105
17782,5107
10718,5109
23528,5111
19964,5113
64072,5115
8062,5117
391911,5119
17958,5121
24994,5123
122437,5125
10281,5127
7881,5129
127827,5131
17007,5133
17442,5135
12506,5137
38682,5139
16545,5141
239187,5143
78753,5145
6320,5147
21341,5149
39512223,6000
1671329,6001
1129,6003
39752,6005
219186,6007
45905,6009
21547,6011
1153526,6013
27812,6015
192843,6017
999101,6019
28393,6021
135558,6023
181215,6025
18039,6027
900202,6029
152940,6031
64386,6033
30573,6035
10039107,6037
157327,6039
258826,6041
17203,6043
86749,6045
277680,6047
8841,6049
14444,6051
434061,6053
137744,6055
99755,6057
3175692,6059
398329,6061
18807,6063
2470546,6065
1552058,6067
62808,6069
2180085,6071
3338330,6073
881549,6075
762148,6077
283111,6079
766573,6081
446499,6083
1927852,6085
273213,6087
180080,6089
3005,6091
43539,6093
447643,6095
494336,6097
550660,6099
96971,6101
65084,6103
12285,6105
466195,6107
54478,6109
846006,6111
220500,6113
78668,6115
5758736,8000
517421,8001
16233,8003
656590,8005
14029,8007
3581,8009
5577,8011
326196,8013
70465,8014
20356,8015
1831,8017
9700,8019
8205,8021
3887,8023
6061,8025
5068,8027
31162,8029
727211,8031
2055,8033
351154,8035
55127,8037
26729,8039
720403,8041
47839,8043
60061,8045
6243,8047
15734,8049
17462,8051
820,8053
6897,8055
1392,8057
582881,8059
1406,8061
7097,8063
8127,8065
56221,8067
356899,8069
14506,8071
5701,8073
22409,8075
154210,8077
769,8079
13283,8081
26183,8083
42758,8085
29068,8087
18278,8089
4952,8091
18845,8093
4265,8095
17767,8097
12172,8099
168424,8101
6324,8103
11267,8105
25638,8107
6824,8109
728,8111
8179,8113
2248,8115
31011,8117
25388,8119
4908,8121
324492,8123
10019,8125
3565287,9000
943332,9001
891720,9003
180333,9005
162436,9007
854757,9009
265206,9011
150721,9013
116782,9015
973764,10000
180786,10001
558753,10003
234225,10005
705749,11000
705749,11001
21477737,12000
269043,12001
29210,12003
174705,12005
28201,12007
601942,12009
1952778,12011
14105,12013
188910,12015
149657,12017
219252,12019
384902,12021
71686,12023
38001,12027
16826,12029
957755,12031
318316,12033
115081,12035
12125,12037
45660,12039
18582,12041
13811,12043
13639,12045
14428,12047
26937,12049
42022,12051
193920,12053
106221,12055
1471968,12057
19617,12059
159923,12061
46414,12063
14246,12065
8422,12067
367118,12069
770577,12071
293582,12073
41503,12075
8354,12077
18493,12079
403253,12081
365579,12083
161000,12085
2716940,12086
74228,12087
88625,12089
210738,12091
42168,12093
1393452,12095
375751,12097
1496770,12099
553947,12101
974996,12103
724777,12105
74521,12107
264672,12109
328297,12111
184313,12113
433742,12115
471826,12117
132420,12119
44417,12121
21569,12123
15237,12125
553284,12127
33739,12129
74071,12131
25473,12133
10617423,13000
18386,13001
8165,13003
11164,13005
3038,13007
44890,13009
19234,13011
83240,13013
107738,13015
16700,13017
19397,13019
153159,13021
12873,13023
19109,13025
15457,13027
39627,13029
79608,13031
22383,13033
24936,13035
6189,13037
54666,13039
10803,13043
119992,13045
67580,13047
13392,13049
289430,13051
10907,13053
24789,13055
258773,13057
128331,13059
2834,13061
292256,13063
6618,13065
760141,13067
43273,13069
45600,13071
156714,13073
17270,13075
148509,13077
12404,13079
22372,13081
16116,13083
26108,13085
26404,13087
759297,13089
20605,13091
13390,13093
87956,13095
146343,13097
10190,13099
4006,13101
64296,13103
19194,13105
22646,13107
10654,13109
26188,13111
114421,13113
98498,13115
244252,13117
23349,13119
1063937,13121
31369,13123
2971,13125
85292,13127
57963,13129
24633,13131
18324,13133
936250,13135
45328,13137
204441,13139
8457,13141
29792,13143
35236,13145
26205,13147
11923,13149
234561,13151
157863,13153
9416,13155
72977,13157
14219,13159
15115,13161
15362,13163
8676,13165
9643,13167
28735,13169
19077,13171
10423,13173
47546,13175
29992,13177
61435,13179
7921,13181
19559,13183
117406,13185
33610,13187
21312,13189
14378,13191
12947,13193
29880,13195
8359,13197
21167,13199
5718,13201
21863,13205
27578,13207
9172,13209
19276,13211
40096,13213
195769,13215
111744,13217
40280,13219
15259,13221
168667,13223
27546,13225
32591,13227
19465,13229
18962,13231
42613,13233
11137,13235
22119,13237
2299,13239
17137,13241
6778,13243
202518,13245
90896,13247
5257,13249
13966,13251
8090,13253
66703,13255
25925,13257
6621,13259
29524,13261
6195,13263
1537,13265
25286,13267
8020,13269
15860,13271
8531,13273
44451,13275
40644,13277
26830,13279
12037,13281
6901,13283
69922,13285
7985,13287
8120,13289
24511,13291
26320,13293
69761,13295
94593,13297
35734,13299
5254,13301
20374,13303
29927,13305
2607,13307
7855,13309
30798,13311
104628,13313
8635,13315
9777,13317
8954,13319
20247,13321
1415872,15000
201513,15001
974563,15003
86,15005
72293,15007
167417,15009
1787065,16000
481587,16001
4294,16003
87808,16005
6125,16007
9298,16009
46811,16011
23021,16013
7831,16015
45739,16017
119062,16019
12245,16021
2597,16023
1106,16025
229849,16027
7155,16029
24030,16031
845,16033
8756,16035
4315,16037
27511,16039
13876,16041
13099,16043
18112,16045
15179,16047
16667,16049
29871,16051
24412,16053
165697,16055
40108,16057
8027,16059
3838,16061
5366,16063
39907,16065
21039,16067
40408,16069
4531,16071
11823,16073
23951,16075
7681,16077
12882,16079
12142,16081
86878,16083
11392,16085
10194,16087
12671821,17000
65435,17001
5761,17003
16426,17005
53544,17007
6578,17009
32628,17011
4739,17013
14305,17015
12147,17017
209689,17019
32304,17021
15441,17023
13184,17025
37562,17027
50621,17029
5150233,17031
18667,17033
10766,17035
104897,17037
15638,17039
19465,17041
922921,17043
17161,17045
6395,17047
34008,17049
21336,17051
12961,17053
38469,17055
34340,17057
4828,17059
12969,17061
51054,17063
8116,17065
17708,17067
3821,17069
6646,17071
48913,17073
27114,17075
56750,17077
9610,17079
37684,17081
21773,17083
21235,17085
12417,17087
532403,17089
109862,17091
128990,17093
49699,17095
696535,17097
108669,17099
15678,17101
34096,17103
35648,17105
28618,17107
29682,17109
307774,17111
171517,17113
104009,17115
44926,17117
262966,17119
37205,17121
11438,17123
13359,17125
13772,17127
12196,17129
15437,17131
34637,17133
28414,17135
33658,17137
14501,17139
50643,17141
179179,17143
20916,17145
16344,17147
15561,17149
4177,17151
5335,17153
5739,17155
31782,17157
15513,17159
141879,17161
259686,17163
23491,17165
194672,17167
6768,17169
4951,17171
21634,17173
5342,17175
44498,17177
131803,17179
16653,17181
75758,17183
11520,17185
16844,17187
13887,17189
16215,17191
13537,17193
55175,17195
690743,17197
66597,17199
282572,17201
38459,17203
6732219,18000
35777,18001
379299,18003
83779,18005
8748,18007
11758,18009
67843,18011
15092,18013
20257,18015
37689,18017
118302,18019
26225,18021
32399,18023
10577,18025
33351,18027
49458,18029
26559,18031
43475,18033
114135,18035
42736,18037
206341,18039
23102,18041
78522,18043
16346,18045
22758,18047
19974,18049
33659,18051
65769,18053
31922,18055
338011,18057
78168,18059
40515,18061
170311,18063
47972,18065
82544,18067
36520,18069
44231,18071
33562,18073
20436,18075
32308,18077
27735,18079
158167,18081
36594,18083
79456,18085
39614,18087
485493,18089
109888,18091
45370,18093
129569,18095
964582,18097
46258,18099
10255,18101
35516,18103
148431,18105
38338,18107
70489,18109
13984,18111
47744,18113
5875,18115
19646,18117
20799,18119
16937,18121
19169,18123
12389,18125
170389,18127
25427,18129
12353,18131
37576,18133
24665,18135
28324,18137
16581,18139
271826,18141
23873,18143
44729,18145
20277,18147
22995,18149
34594,18151
20669,18153
10751,18155
195732,18157
15148,18159
7054,18161
181451,18163
15498,18165
107038,18167
30996,18169
8265,18171
62998,18173
28036,18175
65884,18177
28296,18179
24102,18181
33964,18183
3155070,19000
7152,19001
3602,19003
13687,19005
12426,19007
5496,19009
25645,19011
131228,19013
26234,19015
25062,19017
21175,19019
19620,19021
14439,19023
9668,19025
20165,19027
12836,19029
18627,19031
42450,19033
11235,19035
11933,19037
9395,19039
16016,19041
17549,19043
46429,19045
16820,19047
93453,19049
9000,19051
7870,19053
17011,19055
38967,19057
17258,19059
97311,19061
9208,19063
19650,19065
15642,19067
10070,19069
6960,19071
8888,19073
12232,19075
10689,19077
14773,19079
10630,19081
16846,19083
14049,19085
19954,19087
9158,19089
9558,19091
6860,19093
16184,19095
19439,19097
37185,19099
18295,19101
151140,19103
20681,19105
10246,19107
14813,19109
33657,19111
226706,19113
11035,19115
8600,19117
11755,19119
16338,19121
22095,19123
33253,19125
39369,19127
15109,19129
10586,19131
8615,19133
7707,19135
9917,19137
42664,19139
13753,19141
5958,19143
15107,19145
8886,19147
25177,19149
6619,19151
490161,19153
93206,19155
18504,19157
4894,19159
9721,19161
172943,19163
11454,19165
34855,19167
97117,19169
16854,19171
6121,19173
12241,19175
7044,19177
34969,19179
51466,19181
21965,19183
6441,19185
35904,19187
10354,19189
19991,19191
103107,19193
7381,19195
12562,19197
2913314,20000
12369,20001
7858,20003
16073,20005
4427,20007
25779,20009
14534,20011
9564,20013
66911,20015
2648,20017
3250,20019
19939,20021
2657,20023
1994,20025
8002,20027
8786,20029
8179,20031
1700,20033
34908,20035
38818,20037
2827,20039
18466,20041
7600,20043
122259,20045
2798,20047
2530,20049
28553,20051
6102,20053
36467,20055
33619,20057
25544,20059
31670,20061
2636,20063
2482,20065
7150,20067
5988,20069
1232,20071
5982,20073
2539,20075
5436,20077
34429,20079
3968,20081
1794,20083
13171,20085
19043,20087
2879,20089
602401,20091
3838,20093
7152,20095
2475,20097
19618,20099
1535,20101
81758,20103
2962,20105
9703,20107
2794,20109
33195,20111
28542,20113
11884,20115
9707,20117
4033,20119
34237,20121
5979,20123
31829,20125
5620,20127
2587,20129
10231,20131
16007,20133
2750,20135
5361,20137
15949,20139
3421,20141
5704,20143
6414,20145
5234,20147
24383,20149
9164,20151
2530,20153
61998,20155
4636,20157
9537,20159
74232,20161
4920,20163
3036,20165
6856,20167
54224,20169
4823,20171
516042,20173
21428,20175
176875,20177
2521,20179
5917,20181
3583,20183
4156,20185
2006,20187
5485,20189
22836,20191
7777,20193
2803,20195
6931,20197
1518,20199
5406,20201
2119,20203
8525,20205
3138,20207
165429,20209
4467673,21000
19202,21001
21315,21003
22747,21005
7888,21007
44249,21009
12500,21011
26032,21013
133581,21015
19788,21017
46718,21019
30060,21021
8303,21023
12630,21025
20477,21027
81676,21029
12879,21031
12747,21033
39001,21035
93584,21037
4760,21039
10631,21041
26797,21043
16159,21045
70461,21047
36263,21049
19901,21051
10218,21053
8806,21055
6614,21057
101511,21059
12150,21061
7517,21063
14106,21065
323152,21067
14581,21069
35589,21071
50991,21073
5969,21075
8869,21077
17666,21079
25069,21081
37266,21083
26427,21085
10941,21087
35098,21089
8722,21091
110958,21093
26010,21095
18886,21097
19035,21099
45210,21101
16126,21103
4380,21105
44686,21107
13329,21109
766757,21111
54115,21113
22188,21115
166998,21117
14806,21119
31145,21121
14398,21123
60813,21125
15317,21127
7403,21129
9877,21131
21553,21133
13275,21135
24549,21137
9194,21139
27102,21141
8210,21143
65418,21145
17231,21147
9207,21149
92987,21151
12161,21153
19273,21155
31100,21157
11195,21159
17070,21161
28572,21163
6489,21165
21933,21167
10071,21169
10650,21171
28157,21173
13309,21175
30622,21177
46233,21179
7269,21181
23994,21183
66799,21185
10901,21187
4415,21189
14590,21191
25758,21193
57876,21195
12359,21197
64979,21199
2108,21201
16695,21203
24460,21205
17923,21207
57004,21209
49024,21211
18572,21213
19351,21215
25769,21217
12294,21219
14651,21221
8471,21223
14381,21225
132896,21227
12095,21229
20333,21231
12942,21233
36264,21235
7157,21237
26734,21239
4648794,22000
62045,22001
25627,22003
126604,22005
21891,22007
40144,22009
37497,22011
13241,22013
127039,22015
240204,22017
203436,22019
9918,22021
6973,22023
9494,22025
15670,22027
19259,22029
27463,22031
440059,22033
6861,22035
19135,22037
33395,22039
20015,22041
22389,22043
69830,22045
32511,22047
15744,22049
432493,22051
31368,22053
244390,22055
97614,22057
14892,22059
46742,22061
140789,22063
10951,22065
24874,22067
38158,22069
390144,22071
153279,22073
23197,22075
21730,22077
129648,22079
8442,22081
20122,22083
23884,22085
47244,22087
53100,22089
10132,22091
21096,22093
42837,22095
82124,22097
53431,22099
49348,22101
260419,22103
134758,22105
4334,22107
110461,22109
22108,22111
59511,22113
47429,22115
46194,22117
38340,22119
26465,22121
10830,22123
15568,22125
13904,22127
1344212,23000
108277,23001
67055,23003
295003,23005
30199,23007
54987,23009
122302,23011
39772,23013
34634,23015
57975,23017
152148,23019
16785,23021
35856,23023
50484,23025
39715,23027
31379,23029
207641,23031
6045680,24000
70416,24001
579234,24003
827370,24005
92525,24009
33406,24011
168447,24013
102855,24015
163257,24017
31929,24019
259547,24021
29014,24023
255441,24025
325690,24027
19422,24029
1050688,24031
909327,24033
50381,24035
113510,24037
25616,24039
37181,24041
151049,24043
103609,24045
52276,24047
593490,24510
6892503,25000
212990,25001
124944,25003
565217,25005
17332,25007
789034,25009
70180,25011
466372,25013
160830,25015
1611699,25017
11399,25019
706775,25021
521202,25023
803907,25025
830622,25027
9986857,26000
10405,26001
9108,26003
118081,26005
28405,26007
23324,26009
14883,26011
8209,26013
61550,26015
103126,26017
17766,26019
153401,26021
43517,26023
134159,26025
51787,26027
26143,26029
25276,26031
37349,26033
30950,26035
79595,26037
14029,26039
35784,26041
25239,26043
110268,26045
33415,26047
405813,26049
25449,26051
13975,26053
93088,26055
40711,26057
45605,26059
35684,26061
30981,26063
292406,26065
64697,26067
25127,26069
11066,26071
69872,26073
158510,26075
265066,26077
18038,26079
656955,26081
2116,26083
11853,26085
87607,26087
21761,26089
98451,26091
191995,26093
6229,26095
10799,26097
873972,26099
24558,26101
66699,26103
29144,26105
43453,26107
22780,26109
83156,26111
15118,26113
150500,26115
63888,26117
9328,26119
173566,26121
48980,26123
1257584,26125
26467,26127
20997,26129
5720,26131
23460,26133
8241,26135
24668,26137
291830,26139
12592,26141
24019,26143
190539,26145
159128,26147
60964,26149
41170,26151
8094,26153
68122,26155
52245,26157
75677,26159
367601,26161
1749343,26163
33631,26165
5639632,27000
15886,27001
356921,27003
34423,27005
47188,27007
40889,27009
4991,27011
67653,27013
25008,27015
35871,27017
105089,27019
29779,27021
11800,27023
56579,27025
64222,27027
8818,27029
5463,27031
11196,27033
65055,27035
429021,27037
20934,27039
38141,27041
13653,27043
21067,27045
30281,27047
46340,27049
5972,27051
1265843,27053
18600,27055
21491,27057
40596,27059
45130,27061
9846,27063
16337,27065
43199,27067
4298,27069
12229,27071
6623,27073
10641,27075
3740,27077
28887,27079
5639,27081
25474,27083
35893,27085
5527,27087
9336,27089
19683,27091
23222,27093
26277,27095
33386,27097
40062,27099
8194,27101
34274,27103
21629,27105
6375,27107
158293,27109
58746,27111
14119,27113
29579,27115
9126,27117
31364,27119
11249,27121
550321,27123
4055,27125
15170,27127
14548,27129
66972,27131
9315,27133
15165,27135
199070,27137
149013,27139
97238,27141
14865,27143
161075,27145
36649,27147
9805,27149
9266,27151
24664,27153
3259,27155
21627,27157
13682,27159
18612,27161
262440,27163
10897,27165
6207,27167
50484,27169
138377,27171
9709,27173
2976149,28000
30693,28001
36953,28003
12297,28005
18174,28007
8259,28009
30628,28011
14361,28013
9947,28015
17103,28017
8210,28019
8988,28021
15541,28023
19316,28025
22124,28027
28065,28029
18636,28031
184945,28033
74897,28035
7713,28037
24500,28039
13586,28041
20758,28043
47632,28045
208080,28047
231840,28049
17010,28051
8064,28053
1327,28055
23390,28057
143617,28059
16383,28061
6990,28063
11128,28065
68098,28067
9742,28069
54019,28071
63343,28073
74125,28075
12586,28077
22786,28079
85436,28081
28183,28083
34153,28085
58595,28087
106272,28089
24573,28091
35294,28093
35252,28095
9775,28097
29118,28099
21018,28101
10417,28103
49587,28105
34192,28107
55535,28109
11973,28111
39288,28113
32174,28115
25126,28117
6792,28119
155271,28121
28124,28123
4321,28125
26658,28127
15916,28129
18336,28131
25110,28133
13809,28135
28321,28137
22015,28139
19383,28141
9632,28143
28815,28145
14286,28147
45381,28149
43909,28151
20183,28153
9689,28155
8630,28157
17955,28159
12108,28161
29690,28163
6137428,29000
25343,29001
17712,29003
5143,29005
25388,29007
35789,29009
11754,29011
16172,29013
19443,29015
12133,29017
180463,29019
87364,29021
42478,29023
9020,29025
44743,29027
46305,29029
78871,29031
8679,29033
5982,29035
105780,29037
14349,29039
7426,29041
88595,29043
6797,29045
249948,29047
20387,29049
76745,29051
17709,29053
23920,29055
7561,29057
16878,29059
8278,29061
12547,29063
15573,29065
13185,29067
29131,29069
103967,29071
14706,29073
6571,29075
293086,29077
9850,29079
8352,29081
21824,29083
9544,29085
4403,29087
10001,29089
40117,29091
10125,29093
703011,29095
121328,29097
225081,29099
54062,29101
3959,29103
35723,29105
32708,29107
38355,29109
9776,29111
59013,29113
11920,29115
15227,29117
22837,29119
15117,29121
12088,29123
8697,29125
28530,29127
3617,29129
25619,29131
13180,29133
16132,29135
8644,29137
11551,29139
20627,29141
17076,29143
58236,29145
22092,29147
10529,29149
13615,29151
9174,29153
15805,29155
19136,29157
42339,29159
44573,29161
18302,29163
104418,29165
32149,29167
52607,29169
4696,29171
10309,29173
24748,29175
23018,29177
6270,29179
13288,29181
402022,29183
9397,29185
17894,29186
67215,29187
994205,29189
22761,29195
4660,29197
4902,29199
38280,29201
8166,29203
5930,29205
29025,29207
31952,29209
6089,29211
55928,29213
25398,29215
20563,29217
35649,29219
24730,29221
12873,29223
39592,29225
2013,29227
18289,29229
300576,29510
1068778,30000
9453,30001
13319,30003
6681,30005
6237,30007
10725,30009
1252,30011
81366,30013
5635,30015
11402,30017
1690,30019
8613,30021
9140,30023
2846,30025
11050,30027
103806,30029
114434,30031
1258,30033
13753,30035
821,30037
3379,30039
16484,30041
12221,30043
2007,30045
30458,30047
69432,30049
2337,30051
19980,30053
1664,30055
8600,30057
1862,30059
4397,30061
119600,30063
4633,30065
16606,30067
487,30069
3954,30071
5911,30073
1682,30075
6890,30077
1077,30079
43806,30081
10803,30083
11004,30085
8937,30087
12113,30089
3309,30091
34915,30093
9642,30095
3737,30097
6147,30099
4736,30101
696,30103
7396,30105
2126,30107
969,30109
161300,30111
1934408,31000
31363,31001
6298,31003
463,31005
745,31007
465,31009
5192,31011
10783,31013
1919,31015
2955,31017
49659,31019
6459,31021
8016,31023
26248,31025
8402,31027
3924,31029
5689,31031
8910,31033
6203,31035
10709,31037
8846,31039
10777,31041
20026,31043
8589,31045
23595,31047
1794,31049
5636,31051
36565,31053
571327,31055
1693,31057
5462,31059
2979,31061
2627,31063
4676,31065
21513,31067
1837,31069
1969,31071
1990,31073
623,31075
2356,31077
61353,31079
9324,31081
3380,31083
922,31085
2762,31087
10067,31089
682,31091
6445,31093
7046,31095
5071,31097
6495,31099
8034,31101
806,31103
3632,31105
8332,31107
319090,31109
34914,31111
748,31113
664,31115
494,31117
35099,31119
7755,31121
4642,31123
3519,31125
6972,31127
4148,31129
16012,31131
2613,31133
2891,31135
9034,31137
7148,31139
33470,31141
5213,31143
10724,31145
7865,31147
1357,31149
14224,31151
187196,31153
21578,31155
35618,31157
17284,31159
5246,31161
3001,31163
1166,31165
5920,31167
5003,31169
722,31171
7224,31173
4158,31175
20729,31177
9385,31179
3487,31181
783,31183
13679,31185
3080156,32000
24909,32001
2266715,32003
48905,32005
52778,32007
873,32009
2029,32011
16831,32013
5532,32015
5183,32017
57510,32019
4505,32021
46523,32023
6725,32027
4123,32029
471519,32031
9580,32033
55916,32510
1359711,33000
61303,33001
48910,33003
76085,33005
31563,33007
89886,33009
417025,33011
151391,33013
309769,33015
130633,33017
43146,33019
8882190,34000
263670,34001
932202,34003
445349,34005
506471,34007
92039,34009
149527,34011
798975,34013
291636,34015
672391,34017
124371,34019
367430,34021
825062,34023
618795,34025
491845,34027
607186,34029
501826,34031
62385,34033
328934,34035
140488,34037
556341,34039
105267,34041
2096829,35000
679121,35001
3527,35003
64615,35005
26675,35006
11941,35007
48954,35009
1748,35011
218195,35013
58460,35015
26998,35017
4300,35019
625,35021
4198,35023
71070,35025
19572,35027
19369,35028
23709,35029
71367,35031
4521,35033
67490,35035
8253,35037
38921,35039
18500,35041
146748,35043
123958,35045
27277,35047
150358,35049
10791,35051
16637,35053
32723,35055
15461,35057
4059,35059
76688,35061
19453561,36000
305506,36001
46091,36003
1418207,36005
190488,36007
76117,36009
76576,36011
126903,36013
83456,36015
47207,36017
80485,36019
59461,36021
47581,36023
44135,36025
294218,36027
918702,36029
36885,36031
50022,36033
53383,36035
57280,36037
47188,36039
4416,36041
61319,36043
109834,36045
2559903,36047
26296,36049
62914,36051
70941,36053
741770,36055
49221,36057
1356924,36059
1628706,36061
209281,36063
228671,36065
460528,36067
109777,36069
384940,36071
40352,36073
117124,36075
59493,36077
98320,36079
2253858,36081
158714,36083
476143,36085
325789,36087
107740,36089
229863,36091
155299,36093
30999,36095
17807,36097
34016,36099
95379,36101
1476601,36103
75432,36105
48203,36107
102180,36109
177573,36111
63944,36113
61204,36115
89918,36117
967506,36119
39859,36121
24913,36123
10488084,37000
169509,37001
37497,37003
11137,37005
24446,37007
27203,37009
17557,37011
46994,37013
18947,37015
32722,37017
142820,37019
261191,37021
90485,37023
216453,37025
82178,37027
10867,37029
69473,37031
22604,37033
159551,37035
74470,37037
28612,37039
13943,37041
11231,37043
97947,37045
55508,37047
102139,37049
335509,37051
27763,37053
37009,37055
167609,37057
42846,37059
58741,37061
321488,37063
51472,37065
382295,37067
69685,37069
224529,37071
11562,37073
8441,37075
60443,37077
21069,37079
537174,37081
50010,37083
135976,37085
62317,37087
117417,37089
23677,37091
55234,37093
4937,37095
181806,37097
43938,37099
209339,37101
9419,37103
61779,37105
55949,37107
86111,37109
45756,37111
35858,37113
21755,37115
22440,37117
1110356,37119
14964,37121
27173,37123
100880,37125
94298,37127
234473,37129
19483,37131
197938,37133
148476,37135
12726,37137
39824,37139
63060,37141
13463,37143
39490,37145
180742,37147
20724,37149
143667,37151
44829,37153
130625,37155
91010,37157
142088,37159
67029,37161
63531,37163
34823,37165
62806,37167
45591,37169
71783,37171
14271,37173
34385,37175
4016,37177
239859,37179
44535,37181
1111761,37183
19731,37185
11580,37187
56177,37189
123131,37191
68412,37193
81801,37195
37667,37197
18069,37199
762062,38000
2216,38001
10415,38003
6832,38005
928,38007
6282,38009
3024,38011
2115,38013
95626,38015
181923,38017
3762,38019
4872,38021
2264,38023
4424,38025
2287,38027
3241,38029
3210,38031
1761,38033
69451,38035
2274,38037
2231,38039
2499,38041
2480,38043
4046,38045
1850,38047
5745,38049
2497,38051
15024,38053
9450,38055
8187,38057
31364,38059
10545,38061
2879,38063
1959,38065
6801,38067
3975,38069
11519,38071
5218,38073
2327,38075
16177,38077
14176,38079
3898,38081
1315,38083
4230,38085
750,38087
31489,38089
1890,38091
20704,38093
2189,38095
8036,38097
10641,38099
67641,38101
3834,38103
37589,38105
11689100,39000
27698,39001
102351,39003
53484,39005
97241,39007
65327,39009
45656,39011
67006,39013
43432,39015
383134,39017
26914,39019
38885,39021
134083,39023
206428,39025
41968,39027
101883,39029
36600,39031
41494,39033
1235072,39035
51113,39037
38087,39039
209177,39041
74266,39043
157574,39045
28525,39047
1316756,39049
42126,39051
29898,39053
93649,39055
168937,39057
38875,39059
817473,39061
75783,39063
31365,39065
15040,39067
27006,39069
43161,39071
28264,39073
43960,39075
58266,39077
32413,39079
65325,39081
62322,39083
230149,39085
59463,39087
176862,39089
45672,39091
309833,39093
428348,39095
44731,39097
228683,39099
65093,39101
179746,39103
22907,39105
41172,39107
106987,39109
13654,39111
531687,39113
14508,39115
35328,39117
86215,39119
14424,39121
40525,39123
18672,39125
36134,39127
58457,39129
27772,39131
162466,39133
40882,39135
33861,39137
121154,39139
76666,39141
58518,39143
75314,39145
55178,39147
48590,39149
370606,39151
541013,39153
197974,39155
91987,39157
58988,39159
28275,39161
13085,39163
234602,39165
59911,39167
115710,39169
36692,39171
130817,39173
21772,39175
3956971,40000
22194,40001
5702,40003
13758,40005
5311,40007
21859,40009
9429,40011
47995,40013
28762,40015
148306,40017
48111,40019
48657,40021
14672,40023
2137,40025
284014,40027
5495,40029
120749,40031
5666,40033
14142,40035
71522,40037
29003,40039
43009,40041
4891,40043
3859,40045
61056,40047
27711,40049
55834,40051
4333,40053
5712,40055
2653,40057
3688,40059
12627,40061
13279,40063
24530,40065
6002,40067
11085,40069
43538,40071
15765,40073
8708,40075
10073,40077
49853,40079
34877,40081
48011,40083
10253,40085
40474,40087
32832,40089
19596,40091
7629,40093
16931,40095
41100,40097
14073,40099
67997,40101
11131,40103
10076,40105
11993,40107
797434,40109
38465,40111
46963,40113
31127,40115
16376,40117
81784,40119
43654,40121
38284,40123
72592,40125
11096,40127
3583,40129
92459,40131
24258,40133
41569,40135
43143,40137
19983,40139
7250,40141
651552,40143
81289,40145
51527,40147
10916,40149
8793,40151
20211,40153
4217737,41000
16124,41001
93053,41003
418187,41005
40224,41007
52354,41009
64487,41011
24404,41013
22925,41015
197692,41017
110980,41019
1912,41021
7199,41023
7393,41025
23382,41027
220944,41029
24658,41031
87487,41033
68238,41035
7869,41037
382067,41039
49962,41041
129749,41043
30571,41045
347818,41047
11603,41049
812855,41051
86085,41053
1780,41055
27036,41057
77950,41059
26835,41061
7208,41063
26682,41065
601592,41067
1332,41069
107100,41071
12801989,42000
103009,42001
1216045,42003
64735,42005
163929,42007
47888,42009
421164,42011
121829,42013
60323,42015
628270,42017
187853,42019
130192,42021
4447,42023
64182,42025
162385,42027
524989,42029
38438,42031
79255,42033
38632,42035
64964,42037
84629,42039
253370,42041
278299,42043
566747,42045
29910,42047
269728,42049
129274,42051
7247,42053
155027,42055
14530,42057
36233,42059
45144,42061
84073,42063
43425,42065
24763,42067
209674,42069
545724,42071
85512,42073
141793,42075
369318,42077
317417,42079
113299,42081
40625,42083
109424,42085
46138,42087
170271,42089
830915,42091
18230,42093
305285,42095
90843,42097
46272,42099
1584064,42101
55809,42103
16526,42105
141359,42107
40372,42109
73447,42111
6066,42113
40328,42115
40591,42117
44923,42119
50668,42121
39191,42123
206865,42125
51361,42127
348899,42129
26794,42131
449058,42133
1059361,44000
48479,44001
164292,44003
82082,44005
638931,44007
125577,44009
5148714,45000
24527,45001
170872,45003
8688,45005
202558,45007
14066,45009
20866,45011
192122,45013
227907,45015
14553,45017
411406,45019
57300,45021
32244,45023
45650,45025
33745,45027
37677,45029
66618,45031
30479,45033
162809,45035
27260,45037
22347,45039
138293,45041
62680,45043
523542,45045
70811,45047
19222,45049
354081,45051
30073,45053
66551,45055
98012,45057
67493,45059
16828,45061
298750,45063
9463,45065
30657,45067
26118,45069
38440,45071
79546,45073
86175,45075
126884,45077
415759,45079
20473,45081
319785,45083
106721,45085
27316,45087
30368,45089
280979,45091
884659,46000
2751,46003
18453,46005
3365,46007
6901,46009
35077,46011
38839,46013
5297,46015
1962,46017
10429,46019
1376,46021
9292,46023
3736,46025
14070,46027
28009,46029
4086,46031
8972,46033
19775,46035
5424,46037
4351,46039
5892,46041
2921,46043
3829,46045
6713,46047
2299,46049
7052,46051
4185,46053
1899,46055
6164,46057
3191,46059
3453,46061
1298,46063
17526,46065
7291,46067
1301,46069
3344,46071
2013,46073
903,46075
4939,46077
12797,46079
25844,46081
61128,46083
3781,46085
5586,46087
2379,46089
4935,46091
28332,46093
2061,46095
2216,46097
193134,46099
6576,46101
14177,46102
113775,46103
2865,46105
2153,46107
10394,46109
2344,46111
6376,46115
3098,46117
1391,46119
10177,46121
5441,46123
8384,46125
15932,46127
5435,46129
22814,46135
2756,46137
6829174,47000
76978,47001
49713,47003
16160,47005
15064,47007
133088,47009
108110,47011
39842,47013
14678,47015
27767,47017
56391,47019
40667,47021
17297,47023
31959,47025
7615,47027
36004,47029
56520,47031
14230,47033
60520,47035
694144,47037
11663,47039
20490,47041
53948,47043
37159,47045
41133,47047
18523,47049
42208,47051
49133,47053
29464,47055
23320,47057
69069,47059
13427,47061
64934,47063
367804,47065
6620,47067
25050,47069
25652,47071
56786,47073
17304,47075
28117,47077
32345,47079
25178,47081
8201,47083
18582,47085
11786,47087
54495,47089
17788,47091
470313,47093
7016,47095
25633,47097
44142,47099
12268,47101
34366,47103
54068,47105
53794,47107
25694,47109
24602,47111
97984,47113
28907,47115
34375,47117
96387,47119
12422,47121
46545,47123
208993,47125
6488,47127
21403,47129
30069,47131
22241,47133
8076,47135
5048,47137
16832,47139
80245,47141
33167,47143
53382,47145
71813,47147
332285,47149
22068,47151
15026,47153
98250,47155
937166,47157
20157,47159
13715,47161
158348,47163
191283,47165
61599,47167
11284,47169
17883,47171
19972,47173
5872,47175
41277,47177
129375,47179
16673,47181
33328,47183
27345,47185
238412,47187
144657,47189
28995881,48000
57735,48001
18705,48003
86715,48005
23510,48007
8553,48009
1887,48011
51153,48013
30032,48015
7000,48017
23112,48019
88723,48021
3509,48023
32565,48025
362924,48027
2003554,48029
11931,48031
654,48033
18685,48035
93245,48037
374264,48039
229211,48041
9203,48043
1546,48045
7093,48047
37864,48049
18443,48051
48155,48053
43664,48055
21290,48057
13943,48059
423163,48061
13094,48063
5926,48065
30026,48067
7530,48069
43837,48071
52646,48073
7306,48075
10471,48077
2853,48079
3387,48081
8175,48083
1034730,48085
2920,48087
21493,48089
156209,48091
13635,48093
2726,48095
41257,48097
75951,48099
1398,48101
4797,48103
3464,48105
5737,48107
2171,48109
7287,48111
2635516,48113
12728,48115
18546,48117
5331,48119
887207,48121
20160,48123
2211,48125
10124,48127
3278,48129
11157,48131
18360,48133
166223,48135
1932,48137
184826,48139
839238,48141
42698,48143
17297,48145
35514,48147
25346,48149
3830,48151
5712,48153
1155,48155
811688,48157
10725,48159
19717,48161
20306,48163
21492,48165
342139,48167
6229,48169
26988,48171
1409,48173
7658,48175
20837,48177
21886,48179
136212,48181
123945,48183
28880,48185
166847,48187
33406,48189
2964,48191
8461,48193
5399,48195
3933,48197
57602,48199
4713325,48201
66553,48203
5576,48205
5658,48207
230191,48209
3819,48211
82737,48213
868707,48215
36649,48217
23021,48219
61643,48221
37084,48223
22968,48225
36664,48227
4886,48229
98594,48231
20938,48233
1536,48235
8935,48237
14760,48239
35529,48241
2274,48243
251565,48245
5200,48247
40482,48249
175817,48251
20083,48253
15601,48255
136154,48257
47431,48259
404,48261
762,48263
52600,48265
4337,48267
272,48269
3667,48271
30680,48273
3664,48275
49859,48277
12893,48279
21428,48281
7520,48283
20154,48285
17239,48287
17404,48289
88219,48291
23437,48293
3233,48295
12207,48297
21795,48299
169,48301
310569,48303
5951,48305
7984,48307
256623,48309
743,48311
14284,48313
9854,48315
5771,48317
4274,48319
36643,48321
58722,48323
51584,48325
2138,48327
176832,48329
24823,48331
4873,48333
8545,48335
19818,48337
607391,48339
20940,48341
12388,48343
1200,48345
65204,48347
50113,48349
13595,48351
14714,48353
362294,48355
9836,48357
2112,48359
83396,48361
29189,48363
23194,48365
142878,48367
9605,48369
15823,48371
51353,48373
117415,48375
6704,48377
12514,48379
137713,48381
3849,48383
3452,48385
12023,48387
15976,48389
6948,48391
854,48393
17074,48395
104915,48397
10264,48399
54406,48401
10542,48403
8237,48405
28859,48407
66730,48409
6055,48411
2793,48413
16703,48415
3265,48417
25274,48419
3022,48421
232751,48423
9128,48425
64633,48427
9366,48429
1291,48431
1350,48433
3776,48435
7397,48437
2102515,48439
138034,48441
776,48443
12337,48445
1501,48447
32750,48449
119200,48451
1273954,48453
14651,48455
21672,48457
41753,48459
3657,48461
26741,48463
49025,48465
56590,48467
92084,48469
72971,48471
55246,48473
11998,48475
35882,48477
276652,48479
41556,48481
5056,48483
132230,48485
12769,48487
21358,48489
590551,48491
51070,48493
8010,48495
69984,48497
45539,48499
8713,48501
18010,48503
14179,48505
11840,48507
3205958,49000
6710,49001
56046,49003
128289,49005
20463,49007
950,49009
355481,49011
19938,49013
10012,49015
5051,49017
9754,49019
54839,49021
12017,49023
7886,49025
13188,49027
12124,49029
1479,49031
2483,49033
1160437,49035
15308,49037
30939,49039
21620,49041
42145,49043
72259,49045
35734,49047
636235,49049
34091,49051
177556,49053
2711,49055
260213,49057
623989,50000
36777,50001
35470,50003
29993,50005
163774,50007
6163,50009
49402,50011
7235,50013
25362,50015
28892,50017
27037,50019
58191,50021
58409,50023
42222,50025
55062,50027
8535519,51000
32316,51001
109330,51003
14860,51005
13145,51007
31605,51009
15911,51011
236842,51013
75558,51015
4147,51017
78997,51019
6280,51021
33419,51023
16231,51025
21004,51027
17148,51029
54885,51031
30725,51033
29791,51035
6963,51036
11880,51037
352802,51041
14619,51043
5131,51045
52605,51047
9932,51049
14318,51051
28544,51053
10953,51057
1147532,51059
71222,51061
15749,51063
27270,51065
56042,51067
89313,51069
16720,51071
37348,51073
23753,51075
15550,51077
19819,51079
11336,51081
33911,51083
107766,51085
330818,51087
50557,51089
2190,51091
37109,51093
76523,51095
7025,51097
26836,51099
17148,51101
10603,51103
23423,51105
413538,51107
37591,51109
12196,51111
13261,51113
8834,51115
30587,51117
10582,51119
98535,51121
14930,51125
23091,51127
11710,51131
12095,51133
15232,51135
37051,51137
23902,51139
17608,51141
60354,51143
29652,51145
22802,51147
38353,51149
470335,51153
34027,51155
7370,51157
9023,51159
94186,51161
22573,51163
81948,51165
26586,51167
21566,51169
43616,51171
30104,51173
17631,51175
136215,51177
152882,51179
6422,51181
11159,51183
40595,51185
40164,51187
53740,51191
18015,51193
37383,51195
28684,51197
68280,51199
159428,51510
16762,51520
6478,51530
47266,51540
244835,51550
17370,51570
5538,51580
40044,51590
5346,51595
24019,51600
14617,51610
7967,51620
29036,51630
6347,51640
134510,51650
53016,51660
22529,51670
7446,51678
82168,51680
41085,51683
17478,51685
12554,51690
179225,51700
242742,51710
3981,51720
31346,51730
12271,51735
94398,51740
18249,51750
230436,51760
99143,51770
25301,51775
24932,51790
92108,51800
449974,51810
22630,51820
14954,51830
28078,51840
7614893,53000
19983,53001
22582,53003
204390,53005
77200,53007
77331,53009
488241,53011
3985,53013
110593,53015
43429,53017
7627,53019
95222,53021
2225,53023
97733,53025
75061,53027
85141,53029
32221,53031
2252782,53033
271473,53035
47935,53037
22425,53039
80707,53041
10939,53043
66768,53045
42243,53047
22471,53049
13724,53051
904980,53053
17582,53055
129205,53057
12083,53059
822083,53061
522798,53063
45723,53065
290536,53067
4488,53069
60760,53071
229247,53073
50104,53075
250873,53077
1792147,54000
16441,54001
119171,54003
21457,54005
13957,54007
21939,54009
91945,54011
7109,54013
8508,54015
8448,54017
42406,54019
7823,54021
11568,54023
34662,54025
23175,54027
28810,54029
13776,54031
67256,54033
28576,54035
57146,54037
178124,54039
15907,54041
20409,54043
32019,54045
17624,54047
56072,54049
30531,54051
26516,54053
58758,54055
26868,54057
23424,54059
105612,54061
13275,54063
17884,54065
24496,54067
41411,54069
6969,54071
7460,54073
8247,54075
33432,54077
56450,54079
73361,54081
28695,54083
9554,54085
13688,54087
12573,54089
16695,54091
6839,54093
8591,54095
24176,54097
39402,54099
8114,54101
15065,54103
5821,54105
83518,54107
20394,54109
5822434,55000
20220,55001
15562,55003
45244,55005
15036,55007
264542,55009
13031,55011
15414,55013
50089,55015
64658,55017
34774,55019
57532,55021
16131,55023
546695,55025
87839,55027
27668,55029
43150,55031
45368,55033
104646,55035
4295,55037
103403,55039
9004,55041
51439,55043
36960,55045
18913,55047
23678,55049
5687,55051
20643,55053
84769,55055
26687,55057
169561,55059
20434,55061
118016,55063
16665,55065
19189,55067
27593,55069
78981,55071
135692,55073
40350,55075
15574,55077
4556,55078
945726,55079
46253,55081
37930,55083
35595,55085
187885,55087
89221,55089
7287,55091
42754,55093
43783,55095
70772,55097
13351,55099
196311,55101
17252,55103
163354,55105
14178,55107
90687,55109
64442,55111
16558,55113
40899,55115
115340,55117
20343,55119
29649,55121
30822,55123
22195,55125
103868,55127
15720,55129
136034,55131
404198,55133
50990,55135
24443,55137
171907,55139
72999,55141
578759,56000
38880,56001
11790,56003
46341,56005
14800,56007
13822,56009
7584,56011
39261,56013
13211,56015
4413,56017
8445,56019
99500,56021
19830,56023
79858,56025
2356,56027
29194,56029
8393,56031
30485,56033
9831,56035
42343,56037
23464,56039
20226,56041
7805,56043
6927,56045